"ID","Title"
"0","Title0"
"1","Title1"
"2","Title2"
"3","Title3"
"4","Title4"
"5","Title5"
"6","Title6"
"7","Title7"
"8","Title8"
"9","Title9"
"10","Title10"
"11","Title11"
"12","Title12"
"13","Title13"
"14","Title14"
"15","Title15"
"16","Title16"
"17","Title17"
"18","Title18"
"19","Title19"
"20","Title20"
"21","Title21"
"22","Title22"
"23","Title23"
"24","Title24"
"25","Title25"
"26","Title26"
"27","Title27"
"28","Title28"
"29","Title29"
"30","Title30"
"31","Title31"
"32","Title32"
"33","Title33"
"34","Title34"
"35","Title35"
"36","Title36"
"37","Title37"
"38","Title38"
"39","Title39"
"40","Title40"
"41","Title41"
"42","Title42"
"43","Title43"
"44","Title44"
"45","Title45"
"46","Title46"
"47","Title47"
"48","Title48"
"49","Title49"
"50","Title50"
"51","Title51"
"52","Title52"
"53","Title53"
"54","Title54"
"55","Title55"
"56","Title56"
"57","Title57"
"58","Title58"
"59","Title59"
"60","Title60"
"61","Title61"
"62","Title62"
"63","Title63"
"64","Title64"
"65","Title65"
"66","Title66"
"67","Title67"
"68","Title68"
"69","Title69"
"70","Title70"
"71","Title71"
"72","Title72"
"73","Title73"
"74","Title74"
"75","Title75"
"76","Title76"
"77","Title77"
"78","Title78"
"79","Title79"
"80","Title80"
"81","Title81"
"82","Title82"
"83","Title83"
"84","Title84"
"85","Title85"
"86","Title86"
"87","Title87"
"88","Title88"
"89","Title89"
"90","Title90"
"91","Title91"
"92","Title92"
"93","Title93"
"94","Title94"
"95","Title95"
"96","Title96"
"97","Title97"
"98","Title98"
"99","Title99"
"100","Title100"
"101","Title101"
"102","Title102"
"103","Title103"
"104","Title104"
"105","Title105"
"106","Title106"
"107","Title107"
"108","Title108"
"109","Title109"
"110","Title110"
"111","Title111"
"112","Title112"
"113","Title113"
"114","Title114"
"115","Title115"
"116","Title116"
"117","Title117"
"118","Title118"
"119","Title119"
"120","Title120"
"121","Title121"
"122","Title122"
"123","Title123"
"124","Title124"
"125","Title125"
"126","Title126"
"127","Title127"
"128","Title128"
"129","Title129"
"130","Title130"
"131","Title131"
"132","Title132"
"133","Title133"
"134","Title134"
"135","Title135"
"136","Title136"
"137","Title137"
"138","Title138"
"139","Title139"
"140","Title140"
"141","Title141"
"142","Title142"
"143","Title143"
"144","Title144"
"145","Title145"
"146","Title146"
"147","Title147"
"148","Title148"
"149","Title149"
"150","Title150"
"151","Title151"
"152","Title152"
"153","Title153"
"154","Title154"
"155","Title155"
"156","Title156"
"157","Title157"
"158","Title158"
"159","Title159"
"160","Title160"
"161","Title161"
"162","Title162"
"163","Title163"
"164","Title164"
"165","Title165"
"166","Title166"
"167","Title167"
"168","Title168"
"169","Title169"
"170","Title170"
"171","Title171"
"172","Title172"
"173","Title173"
"174","Title174"
"175","Title175"
"176","Title176"
"177","Title177"
"178","Title178"
"179","Title179"
"180","Title180"
"181","Title181"
"182","Title182"
"183","Title183"
"184","Title184"
"185","Title185"
"186","Title186"
"187","Title187"
"188","Title188"
"189","Title189"
"190","Title190"
"191","Title191"
"192","Title192"
"193","Title193"
"194","Title194"
"195","Title195"
"196","Title196"
"197","Title197"
"198","Title198"
"199","Title199"
"200","Title200"
"201","Title201"
"202","Title202"
"203","Title203"
"204","Title204"
"205","Title205"
"206","Title206"
"207","Title207"
"208","Title208"
"209","Title209"
"210","Title210"
"211","Title211"
"212","Title212"
"213","Title213"
"214","Title214"
"215","Title215"
"216","Title216"
"217","Title217"
"218","Title218"
"219","Title219"
"220","Title220"
"221","Title221"
"222","Title222"
"223","Title223"
"224","Title224"
"225","Title225"
"226","Title226"
"227","Title227"
"228","Title228"
"229","Title229"
"230","Title230"
"231","Title231"
"232","Title232"
"233","Title233"
"234","Title234"
"235","Title235"
"236","Title236"
"237","Title237"
"238","Title238"
"239","Title239"
"240","Title240"
"241","Title241"
"242","Title242"
"243","Title243"
"244","Title244"
"245","Title245"
"246","Title246"
"247","Title247"
"248","Title248"
"249","Title249"
"250","Title250"
"251","Title251"
"252","Title252"
"253","Title253"
"254","Title254"
"255","Title255"
"256","Title256"
"257","Title257"
"258","Title258"
"259","Title259"
"260","Title260"
"261","Title261"
"262","Title262"
"263","Title263"
"264","Title264"
"265","Title265"
"266","Title266"
"267","Title267"
"268","Title268"
"269","Title269"
"270","Title270"
"271","Title271"
"272","Title272"
"273","Title273"
"274","Title274"
"275","Title275"
"276","Title276"
"277","Title277"
"278","Title278"
"279","Title279"
"280","Title280"
"281","Title281"
"282","Title282"
"283","Title283"
"284","Title284"
"285","Title285"
"286","Title286"
"287","Title287"
"288","Title288"
"289","Title289"
"290","Title290"
"291","Title291"
"292","Title292"
"293","Title293"
"294","Title294"
"295","Title295"
"296","Title296"
"297","Title297"
"298","Title298"
"299","Title299"
"300","Title300"
"301","Title301"
"302","Title302"
"303","Title303"
"304","Title304"
"305","Title305"
"306","Title306"
"307","Title307"
"308","Title308"
"309","Title309"
"310","Title310"
"311","Title311"
"312","Title312"
"313","Title313"
"314","Title314"
"315","Title315"
"316","Title316"
"317","Title317"
"318","Title318"
"319","Title319"
"320","Title320"
"321","Title321"
"322","Title322"
"323","Title323"
"324","Title324"
"325","Title325"
"326","Title326"
"327","Title327"
"328","Title328"
"329","Title329"
"330","Title330"
"331","Title331"
"332","Title332"
"333","Title333"
"334","Title334"
"335","Title335"
"336","Title336"
"337","Title337"
"338","Title338"
"339","Title339"
"340","Title340"
"341","Title341"
"342","Title342"
"343","Title343"
"344","Title344"
"345","Title345"
"346","Title346"
"347","Title347"
"348","Title348"
"349","Title349"
"350","Title350"
"351","Title351"
"352","Title352"
"353","Title353"
"354","Title354"
"355","Title355"
"356","Title356"
"357","Title357"
"358","Title358"
"359","Title359"
"360","Title360"
"361","Title361"
"362","Title362"
"363","Title363"
"364","Title364"
"365","Title365"
"366","Title366"
"367","Title367"
"368","Title368"
"369","Title369"
"370","Title370"
"371","Title371"
"372","Title372"
"373","Title373"
"374","Title374"
"375","Title375"
"376","Title376"
"377","Title377"
"378","Title378"
"379","Title379"
"380","Title380"
"381","Title381"
"382","Title382"
"383","Title383"
"384","Title384"
"385","Title385"
"386","Title386"
"387","Title387"
"388","Title388"
"389","Title389"
"390","Title390"
"391","Title391"
"392","Title392"
"393","Title393"
"394","Title394"
"395","Title395"
"396","Title396"
"397","Title397"
"398","Title398"
"399","Title399"
"400","Title400"
"401","Title401"
"402","Title402"
"403","Title403"
"404","Title404"
"405","Title405"
"406","Title406"
"407","Title407"
"408","Title408"
"409","Title409"
"410","Title410"
"411","Title411"
"412","Title412"
"413","Title413"
"414","Title414"
"415","Title415"
"416","Title416"
"417","Title417"
"418","Title418"
"419","Title419"
"420","Title420"
"421","Title421"
"422","Title422"
"423","Title423"
"424","Title424"
"425","Title425"
"426","Title426"
"427","Title427"
"428","Title428"
"429","Title429"
"430","Title430"
"431","Title431"
"432","Title432"
"433","Title433"
"434","Title434"
"435","Title435"
"436","Title436"
"437","Title437"
"438","Title438"
"439","Title439"
"440","Title440"
"441","Title441"
"442","Title442"
"443","Title443"
"444","Title444"
"445","Title445"
"446","Title446"
"447","Title447"
"448","Title448"
"449","Title449"
"450","Title450"
"451","Title451"
"452","Title452"
"453","Title453"
"454","Title454"
"455","Title455"
"456","Title456"
"457","Title457"
"458","Title458"
"459","Title459"
"460","Title460"
"461","Title461"
"462","Title462"
"463","Title463"
"464","Title464"
"465","Title465"
"466","Title466"
"467","Title467"
"468","Title468"
"469","Title469"
"470","Title470"
"471","Title471"
"472","Title472"
"473","Title473"
"474","Title474"
"475","Title475"
"476","Title476"
"477","Title477"
"478","Title478"
"479","Title479"
"480","Title480"
"481","Title481"
"482","Title482"
"483","Title483"
"484","Title484"
"485","Title485"
"486","Title486"
"487","Title487"
"488","Title488"
"489","Title489"
"490","Title490"
"491","Title491"
"492","Title492"
"493","Title493"
"494","Title494"
"495","Title495"
"496","Title496"
"497","Title497"
"498","Title498"
"499","Title499"
"500","Title500"
"501","Title501"
"502","Title502"
"503","Title503"
"504","Title504"
"505","Title505"
"506","Title506"
"507","Title507"
"508","Title508"
"509","Title509"
"510","Title510"
"511","Title511"
"512","Title512"
"513","Title513"
"514","Title514"
"515","Title515"
"516","Title516"
"517","Title517"
"518","Title518"
"519","Title519"
"520","Title520"
"521","Title521"
"522","Title522"
"523","Title523"
"524","Title524"
"525","Title525"
"526","Title526"
"527","Title527"
"528","Title528"
"529","Title529"
"530","Title530"
"531","Title531"
"532","Title532"
"533","Title533"
"534","Title534"
"535","Title535"
"536","Title536"
"537","Title537"
"538","Title538"
"539","Title539"
"540","Title540"
"541","Title541"
"542","Title542"
"543","Title543"
"544","Title544"
"545","Title545"
"546","Title546"
"547","Title547"
"548","Title548"
"549","Title549"
"550","Title550"
"551","Title551"
"552","Title552"
"553","Title553"
"554","Title554"
"555","Title555"
"556","Title556"
"557","Title557"
"558","Title558"
"559","Title559"
"560","Title560"
"561","Title561"
"562","Title562"
"563","Title563"
"564","Title564"
"565","Title565"
"566","Title566"
"567","Title567"
"568","Title568"
"569","Title569"
"570","Title570"
"571","Title571"
"572","Title572"
"573","Title573"
"574","Title574"
"575","Title575"
"576","Title576"
"577","Title577"
"578","Title578"
"579","Title579"
"580","Title580"
"581","Title581"
"582","Title582"
"583","Title583"
"584","Title584"
"585","Title585"
"586","Title586"
"587","Title587"
"588","Title588"
"589","Title589"
"590","Title590"
"591","Title591"
"592","Title592"
"593","Title593"
"594","Title594"
"595","Title595"
"596","Title596"
"597","Title597"
"598","Title598"
"599","Title599"
"600","Title600"
"601","Title601"
"602","Title602"
"603","Title603"
"604","Title604"
"605","Title605"
"606","Title606"
"607","Title607"
"608","Title608"
"609","Title609"
"610","Title610"
"611","Title611"
"612","Title612"
"613","Title613"
"614","Title614"
"615","Title615"
"616","Title616"
"617","Title617"
"618","Title618"
"619","Title619"
"620","Title620"
"621","Title621"
"622","Title622"
"623","Title623"
"624","Title624"
"625","Title625"
"626","Title626"
"627","Title627"
"628","Title628"
"629","Title629"
"630","Title630"
"631","Title631"
"632","Title632"
"633","Title633"
"634","Title634"
"635","Title635"
"636","Title636"
"637","Title637"
"638","Title638"
"639","Title639"
"640","Title640"
"641","Title641"
"642","Title642"
"643","Title643"
"644","Title644"
"645","Title645"
"646","Title646"
"647","Title647"
"648","Title648"
"649","Title649"
"650","Title650"
"651","Title651"
"652","Title652"
"653","Title653"
"654","Title654"
"655","Title655"
"656","Title656"
"657","Title657"
"658","Title658"
"659","Title659"
"660","Title660"
"661","Title661"
"662","Title662"
"663","Title663"
"664","Title664"
"665","Title665"
"666","Title666"
"667","Title667"
"668","Title668"
"669","Title669"
"670","Title670"
"671","Title671"
"672","Title672"
"673","Title673"
"674","Title674"
"675","Title675"
"676","Title676"
"677","Title677"
"678","Title678"
"679","Title679"
"680","Title680"
"681","Title681"
"682","Title682"
"683","Title683"
"684","Title684"
"685","Title685"
"686","Title686"
"687","Title687"
"688","Title688"
"689","Title689"
"690","Title690"
"691","Title691"
"692","Title692"
"693","Title693"
"694","Title694"
"695","Title695"
"696","Title696"
"697","Title697"
"698","Title698"
"699","Title699"
"700","Title700"
"701","Title701"
"702","Title702"
"703","Title703"
"704","Title704"
"705","Title705"
"706","Title706"
"707","Title707"
"708","Title708"
"709","Title709"
"710","Title710"
"711","Title711"
"712","Title712"
"713","Title713"
"714","Title714"
"715","Title715"
"716","Title716"
"717","Title717"
"718","Title718"
"719","Title719"
"720","Title720"
"721","Title721"
"722","Title722"
"723","Title723"
"724","Title724"
"725","Title725"
"726","Title726"
"727","Title727"
"728","Title728"
"729","Title729"
"730","Title730"
"731","Title731"
"732","Title732"
"733","Title733"
"734","Title734"
"735","Title735"
"736","Title736"
"737","Title737"
"738","Title738"
"739","Title739"
"740","Title740"
"741","Title741"
"742","Title742"
"743","Title743"
"744","Title744"
"745","Title745"
"746","Title746"
"747","Title747"
"748","Title748"
"749","Title749"
"750","Title750"
"751","Title751"
"752","Title752"
"753","Title753"
"754","Title754"
"755","Title755"
"756","Title756"
"757","Title757"
"758","Title758"
"759","Title759"
"760","Title760"
"761","Title761"
"762","Title762"
"763","Title763"
"764","Title764"
"765","Title765"
"766","Title766"
"767","Title767"
"768","Title768"
"769","Title769"
"770","Title770"
"771","Title771"
"772","Title772"
"773","Title773"
"774","Title774"
"775","Title775"
"776","Title776"
"777","Title777"
"778","Title778"
"779","Title779"
"780","Title780"
"781","Title781"
"782","Title782"
"783","Title783"
"784","Title784"
"785","Title785"
"786","Title786"
"787","Title787"
"788","Title788"
"789","Title789"
"790","Title790"
"791","Title791"
"792","Title792"
"793","Title793"
"794","Title794"
"795","Title795"
"796","Title796"
"797","Title797"
"798","Title798"
"799","Title799"
"800","Title800"
"801","Title801"
"802","Title802"
"803","Title803"
"804","Title804"
"805","Title805"
"806","Title806"
"807","Title807"
"808","Title808"
"809","Title809"
"810","Title810"
"811","Title811"
"812","Title812"
"813","Title813"
"814","Title814"
"815","Title815"
"816","Title816"
"817","Title817"
"818","Title818"
"819","Title819"
"820","Title820"
"821","Title821"
"822","Title822"
"823","Title823"
"824","Title824"
"825","Title825"
"826","Title826"
"827","Title827"
"828","Title828"
"829","Title829"
"830","Title830"
"831","Title831"
"832","Title832"
"833","Title833"
"834","Title834"
"835","Title835"
"836","Title836"
"837","Title837"
"838","Title838"
"839","Title839"
"840","Title840"
"841","Title841"
"842","Title842"
"843","Title843"
"844","Title844"
"845","Title845"
"846","Title846"
"847","Title847"
"848","Title848"
"849","Title849"
"850","Title850"
"851","Title851"
"852","Title852"
"853","Title853"
"854","Title854"
"855","Title855"
"856","Title856"
"857","Title857"
"858","Title858"
"859","Title859"
"860","Title860"
"861","Title861"
"862","Title862"
"863","Title863"
"864","Title864"
"865","Title865"
"866","Title866"
"867","Title867"
"868","Title868"
"869","Title869"
"870","Title870"
"871","Title871"
"872","Title872"
"873","Title873"
"874","Title874"
"875","Title875"
"876","Title876"
"877","Title877"
"878","Title878"
"879","Title879"
"880","Title880"
"881","Title881"
"882","Title882"
"883","Title883"
"884","Title884"
"885","Title885"
"886","Title886"
"887","Title887"
"888","Title888"
"889","Title889"
"890","Title890"
"891","Title891"
"892","Title892"
"893","Title893"
"894","Title894"
"895","Title895"
"896","Title896"
"897","Title897"
"898","Title898"
"899","Title899"
"900","Title900"
"901","Title901"
"902","Title902"
"903","Title903"
"904","Title904"
"905","Title905"
"906","Title906"
"907","Title907"
"908","Title908"
"909","Title909"
"910","Title910"
"911","Title911"
"912","Title912"
"913","Title913"
"914","Title914"
"915","Title915"
"916","Title916"
"917","Title917"
"918","Title918"
"919","Title919"
"920","Title920"
"921","Title921"
"922","Title922"
"923","Title923"
"924","Title924"
"925","Title925"
"926","Title926"
"927","Title927"
"928","Title928"
"929","Title929"
"930","Title930"
"931","Title931"
"932","Title932"
"933","Title933"
"934","Title934"
"935","Title935"
"936","Title936"
"937","Title937"
"938","Title938"
"939","Title939"
"940","Title940"
"941","Title941"
"942","Title942"
"943","Title943"
"944","Title944"
"945","Title945"
"946","Title946"
"947","Title947"
"948","Title948"
"949","Title949"
"950","Title950"
"951","Title951"
"952","Title952"
"953","Title953"
"954","Title954"
"955","Title955"
"956","Title956"
"957","Title957"
"958","Title958"
"959","Title959"
"960","Title960"
"961","Title961"
"962","Title962"
"963","Title963"
"964","Title964"
"965","Title965"
"966","Title966"
"967","Title967"
"968","Title968"
"969","Title969"
"970","Title970"
"971","Title971"
"972","Title972"
"973","Title973"
"974","Title974"
"975","Title975"
"976","Title976"
"977","Title977"
"978","Title978"
"979","Title979"
"980","Title980"
"981","Title981"
"982","Title982"
"983","Title983"
"984","Title984"
"985","Title985"
"986","Title986"
"987","Title987"
"988","Title988"
"989","Title989"
"990","Title990"
"991","Title991"
"992","Title992"
"993","Title993"
"994","Title994"
"995","Title995"
"996","Title996"
"997","Title997"
"998","Title998"
"999","Title999"
